skinName,minFloat,maxFloat,collection,grade,fnValue,mwValue,ftValue,wwValue,bsValue,fnValue_st,mwValue_st,ftValue_st,wwValue_st,bsValue_st
SG 553 | Tornado,0.06,0.8,ASSAULT,CONSUMER,9.04,3.49,2.31,2.37,2.25,0,0,0,0,0
UMP-45 | Caramel,0.06,0.8,ASSAULT,CONSUMER,19.95,3.51,2.3,2.14,2.14,0,0,0,0,0
Five-SeveN | Candy Apple *,0,0.3,ASSAULT,INDUSTRIAL,19.14,17.56,17.6,0,0,0,0,0,0,0
AUG | Hot Rod,0,0.08,ASSAULT,MIL_SPEC,146.01,131.65,0,0,0,0,0,0,0,0
Negev | Anodized Navy,0,0.08,ASSAULT,MIL_SPEC,107.48,109.25,0,0,0,0,0,0,0,0
MP9 | Bulldozer,0.06,0.8,ASSAULT,RESTRICTED,798.26,61.8,13.38,11.98,8.63,0,0,0,0,0
Glock-18 | Fade,0,1,ASSAULT,RESTRICTED,0,0,0,0,0,0,0,0,0,0
Nova | Forest Leaves,0,1,AZTEC,CONSUMER,0,0,0,0,0,0,0,0,0,0
Five-SeveN | Jungle,0,1,AZTEC,CONSUMER,0,0,0,0,0,0,0,0,0,0
SSG 08 | Lichen Dashed,0,1,AZTEC,CONSUMER,0,0,0,0,0,0,0,0,0,0
AK-47 | Jungle Spray,0,1,AZTEC,INDUSTRIAL,0,0,0,0,0,0,0,0,0,0
M4A4 | Jungle Tiger,0,1,AZTEC,INDUSTRIAL,0,0,0,0,0,0,0,0,0,0
Tec-9 | Ossified,0,1,AZTEC,MIL_SPEC,0,0,0,0,0,0,0,0,0,0
G3SG1 | Contractor,0,1,BAGGAGE,CONSUMER,0,0,0,0,0,0,0,0,0,0
MP7 | Olive Plaid,0,1,BAGGAGE,CONSUMER,0,0,0,0,0,0,0,0,0,0
CZ75-Auto | Green Plaid,0,1,BAGGAGE,CONSUMER,0,0,0,0,0,0,0,0,0,0
MP9 | Green Plaid,0,1,BAGGAGE,CONSUMER,0,0,0,0,0,0,0,0,0,0
SSG 08 | Sand Dune,0,1,BAGGAGE,CONSUMER,0,0,0,0,0,0,0,0,0,0
SG 553 | Traveler,0,1,BAGGAGE,INDUSTRIAL,0,0,0,0,0,0,0,0,0,0
P90 | Leather,0,1,BAGGAGE,INDUSTRIAL,0,0,0,0,0,0,0,0,0,0
MAC-10 | Commuter,0,1,BAGGAGE,INDUSTRIAL,0,0,0,0,0,0,0,0,0,0
P2000 | Coach Class,0,1,BAGGAGE,INDUSTRIAL,0,0,0,0,0,0,0,0,0,0
Sawed-Off | First Class,0,1,BAGGAGE,MIL_SPEC,0,0,0,0,0,0,0,0,0,0
USP-S | Business Class,0,1,BAGGAGE,MIL_SPEC,0,0,0,0,0,0,0,0,0,0
XM1014 | Red Leather,0,1,BAGGAGE,MIL_SPEC,0,0,0,0,0,0,0,0,0,0
AK-47 | First Class,0,1,BAGGAGE,RESTRICTED,0,0,0,0,0,0,0,0,0,0
Desert Eagle | Pilot,0,1,BAGGAGE,RESTRICTED,0,0,0,0,0,0,0,0,0,0
AK-47 | Jet Set,0,1,BAGGAGE,CLASSIFIED,0,0,0,0,0,0,0,0,0,0
Tec-9 | Urban DDPAT,0,1,BANK,CONSUMER,0,0,0,0,0,0,0,0,0,0
SG 553 | Army Sheen,0,1,BANK,CONSUMER,0,0,0,0,0,0,0,0,0,0
Sawed-Off | Forest DDPAT,0,1,BANK,CONSUMER,0,0,0,0,0,0,0,0,0,0
Negev | Army Sheen,0,1,BANK,CONSUMER,0,0,0,0,0,0,0,0,0,0
MP7 | Forest DDPAT,0,1,BANK,CONSUMER,0,0,0,0,0,0,0,0,0,0
R8 Revolver | Bone Mask,0,1,BANK,CONSUMER,0,0,0,0,0,0,0,0,0,0
UMP-45 | Carbon Fiber,0,1,BANK,INDUSTRIAL,0,0,0,0,0,0,0,0,0,0
Nova | Caged Steel,0,1,BANK,INDUSTRIAL,0,0,0,0,0,0,0,0,0,0
MAC-10 | Silver,0,1,BANK,INDUSTRIAL,0,0,0,0,0,0,0,0,0,0
Glock-18 | Death Rattle,0,1,BANK,INDUSTRIAL,0,0,0,0,0,0,0,0,0,0
G3SG1 | Green Apple,0,1,BANK,INDUSTRIAL,0,0,0,0,0,0,0,0,0,0
Galil AR | Tuxedo,0,1,BANK,MIL_SPEC,0,0,0,0,0,0,0,0,0,0
Desert Eagle | Meteorite,0,1,BANK,MIL_SPEC,0,0,0,0,0,0,0,0,0,0
CZ75-Auto | Tuxedo,0,1,BANK,MIL_SPEC,0,0,0,0,0,0,0,0,0,0
AK-47 | Emerald Pinstripe,0,1,BANK,RESTRICTED,0,0,0,0,0,0,0,0,0,0
P250 | Franklin,0,1,BANK,CLASSIFIED,0,0,0,0,0,0,0,0,0,0
Negev | Nuclear Waste,0,1,CACHE,INDUSTRIAL,0,0,0,0,0,0,0,0,0,0
P250 | Contamination,0,1,CACHE,INDUSTRIAL,0,0,0,0,0,0,0,0,0,0
AUG | Radiation Hazard,0,1,CACHE,INDUSTRIAL,0,0,0,0,0,0,0,0,0,0
PP-Bizon | Chemical Green,0,1,CACHE,INDUSTRIAL,0,0,0,0,0,0,0,0,0,0
SG 553 | Fallout Warning,0,1,CACHE,INDUSTRIAL,0,0,0,0,0,0,0,0,0,0
Five-SeveN | Hot Shot,0,1,CACHE,INDUSTRIAL,0,0,0,0,0,0,0,0,0,0
Glock-18 | Reactor,0,1,CACHE,MIL_SPEC,0,0,0,0,0,0,0,0,0,0
MP9 | Setting Sun,0,1,CACHE,MIL_SPEC,0,0,0,0,0,0,0,0,0,0
XM1014 | Bone Machine,0,1,CACHE,MIL_SPEC,0,0,0,0,0,0,0,0,0,0
MAC-10 | Nuclear Garden,0,1,CACHE,MIL_SPEC,0,0,0,0,0,0,0,0,0,0
Tec-9 | Toxic,0,1,CACHE,MIL_SPEC,0,0,0,0,0,0,0,0,0,0
FAMAS | Styx,0,1,CACHE,RESTRICTED,0,0,0,0,0,0,0,0,0,0
Galil AR | Cerberus,0,1,CACHE,RESTRICTED,0,0,0,0,0,0,0,0,0,0
P90 | Storm,0,1,COBBLESTONE,CONSUMER,0,0,0,0,0,0,0,0,0,0
UMP-45 | Indigo,0,1,COBBLESTONE,CONSUMER,0,0,0,0,0,0,0,0,0,0
MAC-10 | Indigo,0,1,COBBLESTONE,CONSUMER,0,0,0,0,0,0,0,0,0,0
SCAR-20 | Storm,0,1,COBBLESTONE,CONSUMER,0,0,0,0,0,0,0,0,0,0
Dual Berettas | Briar,0,1,COBBLESTONE,CONSUMER,0,0,0,0,0,0,0,0,0,0
USP-S | Royal Blue,0,1,COBBLESTONE,INDUSTRIAL,0,0,0,0,0,0,0,0,0,0
Nova | Green Apple,0,1,COBBLESTONE,INDUSTRIAL,0,0,0,0,0,0,0,0,0,0
MAG-7 | Silver,0,1,COBBLESTONE,INDUSTRIAL,0,0,0,0,0,0,0,0,0,0
Sawed-Off | Rust Coat,0,1,COBBLESTONE,INDUSTRIAL,0,0,0,0,0,0,0,0,0,0
P2000 | Chainmail,0,1,COBBLESTONE,MIL_SPEC,0,0,0,0,0,0,0,0,0,0
MP9 | Dark Age,0,1,COBBLESTONE,MIL_SPEC,0,0,0,0,0,0,0,0,0,0
Desert Eagle | Hand Cannon,0,1,COBBLESTONE,RESTRICTED,0,0,0,0,0,0,0,0,0,0
CZ75-Auto | Chalice,0,1,COBBLESTONE,RESTRICTED,0,0,0,0,0,0,0,0,0,0
M4A1-S | Knight,0,1,COBBLESTONE,CLASSIFIED,0,0,0,0,0,0,0,0,0,0
AWP | Dragon Lore,0,1,COBBLESTONE,COVERT,0,0,0,0,0,0,0,0,0,0
M4A4 | Desert Storm,0,1,DUST,INDUSTRIAL,0,0,0,0,0,0,0,0,0,0
SCAR-20 | Palm,0,1,DUST,INDUSTRIAL,0,0,0,0,0,0,0,0,0,0
AK-47 | Predator,0,1,DUST,INDUSTRIAL,0,0,0,0,0,0,0,0,0,0
AWP | Snake Camo,0,1,DUST,MIL_SPEC,0,0,0,0,0,0,0,0,0,0
AUG | Copperhead,0,1,DUST,MIL_SPEC,0,0,0,0,0,0,0,0,0,0
Sawed-Off | Copper,0,1,DUST,MIL_SPEC,0,0,0,0,0,0,0,0,0,0
Desert Eagle | Blaze,0,1,DUST,RESTRICTED,0,0,0,0,0,0,0,0,0,0
P2000 | Scorpion,0,1,DUST,RESTRICTED,0,0,0,0,0,0,0,0,0,0
Glock-18 | Brass,0,1,DUST,RESTRICTED,0,0,0,0,0,0,0,0,0,0
Nova | Predator,0,1,DUST_2,CONSUMER,0,0,0,0,0,0,0,0,0,0
MP9 | Sand Dashed,0,1,DUST_2,CONSUMER,0,0,0,0,0,0,0,0,0,0
P90 | Sand Spray,0,1,DUST_2,CONSUMER,0,0,0,0,0,0,0,0,0,0
SCAR-20 | Sand Mesh,0,1,DUST_2,CONSUMER,0,0,0,0,0,0,0,0,0,0
P250 | Sand Dune,0,1,DUST_2,CONSUMER,0,0,0,0,0,0,0,0,0,0
G3SG1 | Desert Storm,0,1,DUST_2,CONSUMER,0,0,0,0,0,0,0,0,0,0
Tec-9 | VariCamo,0,1,DUST_2,INDUSTRIAL,0,0,0,0,0,0,0,0,0,0
MAC-10 | Palm,0,1,DUST_2,INDUSTRIAL,0,0,0,0,0,0,0,0,0,0
Five-SeveN | Orange Peel,0,1,DUST_2,INDUSTRIAL,0,0,0,0,0,0,0,0,0,0
AK-47 | Safari Mesh,0,1,DUST_2,INDUSTRIAL,0,0,0,0,0,0,0,0,0,0
Sawed-Off | Snake Camo,0,1,DUST_2,INDUSTRIAL,0,0,0,0,0,0,0,0,0,0
M4A1-S | VariCamo,0,1,DUST_2,MIL_SPEC,0,0,0,0,0,0,0,0,0,0
PP-Bizon | Brass,0,1,DUST_2,MIL_SPEC,0,0,0,0,0,0,0,0,0,0
SG 553 | Damascus Steel,0,1,DUST_2,MIL_SPEC,0,0,0,0,0,0,0,0,0,0
P2000 | Amber Fade,0,1,DUST_2,RESTRICTED,0,0,0,0,0,0,0,0,0,0
R8 Revolver | Amber Fade,0,1,DUST_2,CLASSIFIED,0,0,0,0,0,0,0,0,0,0
MAG-7 | Sand Dune,0,1,INFERNO,CONSUMER,0,0,0,0,0,0,0,0,0,0
Nova | Walnut,0,1,INFERNO,CONSUMER,0,0,0,0,0,0,0,0,0,0
P250 | Gunsmoke,0,1,INFERNO,INDUSTRIAL,0,0,0,0,0,0,0,0,0,0
M4A4 | Tornado,0,1,INFERNO,INDUSTRIAL,0,0,0,0,0,0,0,0,0,0
Dual Berettas | Anodized Navy,0,1,INFERNO,MIL_SPEC,0,0,0,0,0,0,0,0,0,0
Tec-9 | Brass,0,1,INFERNO,MIL_SPEC,0,0,0,0,0,0,0,0,0,0
PP-Bizon | Sand Dashed,0,1,ITALY,CONSUMER,0,0,0,0,0,0,0,0,0,0
Nova | Sand Dune,0,1,ITALY,CONSUMER,0,0,0,0,0,0,0,0,0,0
FAMAS | Colony,0,1,ITALY,CONSUMER,0,0,0,0,0,0,0,0,0,0
AUG | Contractor,0,1,ITALY,CONSUMER,0,0,0,0,0,0,0,0,0,0
Tec-9 | Groundwater,0,1,ITALY,CONSUMER,0,0,0,0,0,0,0,0,0,0
Nova | Candy Apple,0,1,ITALY,INDUSTRIAL,0,0,0,0,0,0,0,0,0,0
Dual Berettas | Stained,0,1,ITALY,INDUSTRIAL,0,0,0,0,0,0,0,0,0,0
P2000 | Granite Marbleized,0,1,ITALY,INDUSTRIAL,0,0,0,0,0,0,0,0,0,0
UMP-45 | Gunsmoke,0,1,ITALY,INDUSTRIAL,0,0,0,0,0,0,0,0,0,0
M4A1-S | Boreal Forest,0,1,ITALY,INDUSTRIAL,0,0,0,0,0,0,0,0,0,0
XM1014 | CaliCamo,0,1,ITALY,INDUSTRIAL,0,0,0,0,0,0,0,0,0,0
MP7 | Anodized Navy,0,1,ITALY,MIL_SPEC,0,0,0,0,0,0,0,0,0,0
Glock-18 | Candy Apple,0,1,ITALY,MIL_SPEC,0,0,0,0,0,0,0,0,0,0
Sawed-Off | Full Stop,0,1,ITALY,MIL_SPEC,0,0,0,0,0,0,0,0,0,0
AWP | Pit Viper,0,1,ITALY,RESTRICTED,0,0,0,0,0,0,0,0,0,0
G3SG1 | Jungle Dashed,0,1,LAKE,CONSUMER,0,0,0,0,0,0,0,0,0,0
SG 553 | Waves Perforated,0,1,LAKE,CONSUMER,0,0,0,0,0,0,0,0,0,0
Galil AR | Sage Spray,0,1,LAKE,CONSUMER,0,0,0,0,0,0,0,0,0,0
AUG | Storm,0,1,LAKE,CONSUMER,0,0,0,0,0,0,0,0,0,0
XM1014 | Blue Spruce,0,1,LAKE,CONSUMER,0,0,0,0,0,0,0,0,0,0
P250 | Boreal Forest,0,1,LAKE,CONSUMER,0,0,0,0,0,0,0,0,0,0
XM1014 | Blue Steel,0,1,LAKE,INDUSTRIAL,0,0,0,0,0,0,0,0,0,0
FAMAS | Cyanospatter,0,1,LAKE,INDUSTRIAL,0,0,0,0,0,0,0,0,0,0
PP-Bizon | Night Ops,0,1,LAKE,INDUSTRIAL,0,0,0,0,0,0,0,0,0,0
AWP | Safari Mesh,0,1,LAKE,INDUSTRIAL,0,0,0,0,0,0,0,0,0,0
Desert Eagle | Mudder,0,1,LAKE,INDUSTRIAL,0,0,0,0,0,0,0,0,0,0
SG 553 | Anodized Navy,0,1,LAKE,MIL_SPEC,0,0,0,0,0,0,0,0,0,0
P90 | Teardown,0,1,LAKE,MIL_SPEC,0,0,0,0,0,0,0,0,0,0
USP-S | Night Ops,0,1,LAKE,MIL_SPEC,0,0,0,0,0,0,0,0,0,0
Dual Berettas | Cobalt Quartz,0,1,LAKE,RESTRICTED,0,0,0,0,0,0,0,0,0,0
XM1014 | Grassland,0,1,MILITIA,CONSUMER,0,0,0,0,0,0,0,0,0,0
MAC-10 | Tornado,0,1,MILITIA,CONSUMER,0,0,0,0,0,0,0,0,0,0
PP-Bizon | Forest Leaves,0,1,MILITIA,CONSUMER,0,0,0,0,0,0,0,0,0,0
P2000 | Grassland Leaves *,0,1,MILITIA,INDUSTRIAL,0,0,0,0,0,0,0,0,0,0
Nova | Modern Hunter,0,1,MILITIA,MIL_SPEC,0,0,0,0,0,0,0,0,0,0
Nova | Blaze Orange,0,1,MILITIA,MIL_SPEC,0,0,0,0,0,0,0,0,0,0
P250 | Modern Hunter,0,1,MILITIA,MIL_SPEC,0,0,0,0,0,0,0,0,0,0
XM1014 | Blaze Orange,0,1,MILITIA,MIL_SPEC,0,0,0,0,0,0,0,0,0,0
PP-Bizon | Modern Hunter,0,1,MILITIA,MIL_SPEC,0,0,0,0,0,0,0,0,0,0
M4A4 | Modern Hunter *,0,1,MILITIA,RESTRICTED,0,0,0,0,0,0,0,0,0,0
SCAR-20 | Splash Jam,0,1,MILITIA,CLASSIFIED,0,0,0,0,0,0,0,0,0,0
Galil AR | Hunting Blind,0,1,MIRAGE,CONSUMER,0,0,0,0,0,0,0,0,0,0
P90 | Scorched,0,1,MIRAGE,CONSUMER,0,0,0,0,0,0,0,0,0,0
G3SG1 | Safari Mesh,0,1,MIRAGE,CONSUMER,0,0,0,0,0,0,0,0,0,0
AUG | Colony,0,1,MIRAGE,CONSUMER,0,0,0,0,0,0,0,0,0,0
Five-SeveN | Contractor,0,1,MIRAGE,CONSUMER,0,0,0,0,0,0,0,0,0,0
P250 | Bone Mask,0,1,MIRAGE,CONSUMER,0,0,0,0,0,0,0,0,0,0
MP7 | Orange Peel,0,1,MIRAGE,INDUSTRIAL,0,0,0,0,0,0,0,0,0,0
Glock-18 | Groundwater,0,1,MIRAGE,INDUSTRIAL,0,0,0,0,0,0,0,0,0,0
SG 553 | Gator Mesh,0,1,MIRAGE,INDUSTRIAL,0,0,0,0,0,0,0,0,0,0
SSG 08 | Tropical Storm,0,1,MIRAGE,INDUSTRIAL,0,0,0,0,0,0,0,0,0,0
Negev | CaliCamo,0,1,MIRAGE,INDUSTRIAL,0,0,0,0,0,0,0,0,0,0
MP9 | Hot Rod,0,1,MIRAGE,MIL_SPEC,0,0,0,0,0,0,0,0,0,0
UMP-45 | Blaze,0,1,MIRAGE,MIL_SPEC,0,0,0,0,0,0,0,0,0,0
MAC-10 | Amber Fade,0,1,MIRAGE,MIL_SPEC,0,0,0,0,0,0,0,0,0,0
MAG-7 | Bulldozer,0,1,MIRAGE,RESTRICTED,0,0,0,0,0,0,0,0,0,0
MAG-7 | Irradiated Alert,0,1,NUKE,CONSUMER,0,0,0,0,0,0,0,0,0,0
Sawed-Off | Irradiated Alert,0,1,NUKE,CONSUMER,0,0,0,0,0,0,0,0,0,0
PP-Bizon | Irradiated Alert,0,1,NUKE,CONSUMER,0,0,0,0,0,0,0,0,0,0
P90 | Fallout Warning,0,1,NUKE,INDUSTRIAL,0,0,0,0,0,0,0,0,0,0
UMP-45 | Fallout Warning,0,1,NUKE,INDUSTRIAL,0,0,0,0,0,0,0,0,0,0
XM1014 | Fallout Warning,0,1,NUKE,INDUSTRIAL,0,0,0,0,0,0,0,0,0,0
M4A4 | Radiation Hazard,0,1,NUKE,MIL_SPEC,0,0,0,0,0,0,0,0,0,0
P250 | Nuclear Threat,0,1,NUKE,RESTRICTED,0,0,0,0,0,0,0,0,0,0
Tec-9 | Nuclear Threat,0,1,NUKE,RESTRICTED,0,0,0,0,0,0,0,0,0,0
FAMAS | Contrast Spray,0,1,OFFICE,CONSUMER,0,0,0,0,0,0,0,0,0,0
Galil AR | Winter Forest,0,1,OFFICE,INDUSTRIAL,0,0,0,0,0,0,0,0,0,0
G3SG1 | Arctic Camo,0,1,OFFICE,INDUSTRIAL,0,0,0,0,0,0,0,0,0,0
M249 | Blizzard Marbleized,0,1,OFFICE,INDUSTRIAL,0,0,0,0,0,0,0,0,0,0
P2000 | Silver,0,1,OFFICE,MIL_SPEC,0,0,0,0,0,0,0,0,0,0
MP7 | Whiteout,0,1,OFFICE,MIL_SPEC,0,0,0,0,0,0,0,0,0,0
Sawed-Off | Sage Spray,0,1,OVERPASS,CONSUMER,0,0,0,0,0,0,0,0,0,0
UMP-45 | Scorched,0,1,OVERPASS,CONSUMER,0,0,0,0,0,0,0,0,0,0
M249 | Contrast Spray,0,1,OVERPASS,CONSUMER,0,0,0,0,0,0,0,0,0,0
MAG-7 | Storm,0,1,OVERPASS,CONSUMER,0,0,0,0,0,0,0,0,0,0
MP9 | Storm,0,1,OVERPASS,CONSUMER,0,0,0,0,0,0,0,0,0,0
Desert Eagle | Urban DDPAT,0,1,OVERPASS,INDUSTRIAL,0,0,0,0,0,0,0,0,0,0
MP7 | Gunsmoke,0,1,OVERPASS,INDUSTRIAL,0,0,0,0,0,0,0,0,0,0
Glock-18 | Night,0,1,OVERPASS,INDUSTRIAL,0,0,0,0,0,0,0,0,0,0
P2000 | Grassland,0,1,OVERPASS,INDUSTRIAL,0,0,0,0,0,0,0,0,0,0
CZ75-Auto | Nitro,0,1,OVERPASS,MIL_SPEC,0,0,0,0,0,0,0,0,0,0
SSG 08 | Detour,0,1,OVERPASS,MIL_SPEC,0,0,0,0,0,0,0,0,0,0
XM1014 | VariCamo Blue,0,1,OVERPASS,MIL_SPEC,0,0,0,0,0,0,0,0,0,0
AWP | Pink DDPAT,0,1,OVERPASS,RESTRICTED,0,0,0,0,0,0,0,0,0,0
USP-S | Road Rash,0,1,OVERPASS,RESTRICTED,0,0,0,0,0,0,0,0,0,0
M4A1-S | Master Piece,0,1,OVERPASS,CLASSIFIED,0,0,0,0,0,0,0,0,0,0
Dual Berettas | Contractor,0,1,SAFEHOUSE,CONSUMER,0,0,0,0,0,0,0,0,0,0
MP7 | Army Recon,0,1,SAFEHOUSE,CONSUMER,0,0,0,0,0,0,0,0,0,0
Tec-9 | Army Mesh,0,1,SAFEHOUSE,CONSUMER,0,0,0,0,0,0,0,0,0,0
SSG 08 | Blue Spruce,0,1,SAFEHOUSE,CONSUMER,0,0,0,0,0,0,0,0,0,0
SCAR-20 | Contractor,0,1,SAFEHOUSE,CONSUMER,0,0,0,0,0,0,0,0,0,0
MP9 | Orange Peel,0,1,SAFEHOUSE,INDUSTRIAL,0,0,0,0,0,0,0,0,0,0
AUG | Condemned,0,1,SAFEHOUSE,INDUSTRIAL,0,0,0,0,0,0,0,0,0,0
USP-S | Forest Leaves,0,1,SAFEHOUSE,INDUSTRIAL,0,0,0,0,0,0,0,0,0,0
Galil AR | VariCamo,0,1,SAFEHOUSE,INDUSTRIAL,0,0,0,0,0,0,0,0,0,0
M249 | Gator Mesh,0,1,SAFEHOUSE,INDUSTRIAL,0,0,0,0,0,0,0,0,0,0
G3SG1 | VariCamo,0,1,SAFEHOUSE,INDUSTRIAL,0,0,0,0,0,0,0,0,0,0
FAMAS | Teardown,0,1,SAFEHOUSE,MIL_SPEC,0,0,0,0,0,0,0,0,0,0
Five-SeveN | Silver Quartz,0,1,SAFEHOUSE,MIL_SPEC,0,0,0,0,0,0,0,0,0,0
SSG 08 | Acid Fade,0,1,SAFEHOUSE,MIL_SPEC,0,0,0,0,0,0,0,0,0,0
M4A1-S | Nitro,0,1,SAFEHOUSE,RESTRICTED,0,0,0,0,0,0,0,0,0,0
PP-Bizon | Urban Dashed,0,1,TRAIN,CONSUMER,0,0,0,0,0,0,0,0,0,0
Nova | Polar Mesh,0,1,TRAIN,CONSUMER,0,0,0,0,0,0,0,0,0,0
Five-SeveN | Forest Night,0,1,TRAIN,CONSUMER,0,0,0,0,0,0,0,0,0,0
G3SG1 | Polar Camo,0,1,TRAIN,CONSUMER,0,0,0,0,0,0,0,0,0,0
Dual Berettas | Colony,0,1,TRAIN,CONSUMER,0,0,0,0,0,0,0,0,0,0
UMP-45 | Urban DDPAT,0,1,TRAIN,CONSUMER,0,0,0,0,0,0,0,0,0,0
M4A4 | Urban DDPAT,0,1,TRAIN,INDUSTRIAL,0,0,0,0,0,0,0,0,0,0
MAC-10 | Candy Apple,0,1,TRAIN,INDUSTRIAL,0,0,0,0,0,0,0,0,0,0
P90 | Ash Wood,0,1,TRAIN,INDUSTRIAL,0,0,0,0,0,0,0,0,0,0
SCAR-20 | Carbon Fiber,0,1,TRAIN,INDUSTRIAL,0,0,0,0,0,0,0,0,0,0
MAG-7 | Metallic DDPAT,0,1,TRAIN,INDUSTRIAL,0,0,0,0,0,0,0,0,0,0
P250 | Metallic DDPAT,0,1,TRAIN,INDUSTRIAL,0,0,0,0,0,0,0,0,0,0
Sawed-Off | Amber Fade,0,1,TRAIN,MIL_SPEC,0,0,0,0,0,0,0,0,0,0
Desert Eagle | Urban Rubble,0,1,TRAIN,MIL_SPEC,0,0,0,0,0,0,0,0,0,0
Tec-9 | Red Quartz,0,1,TRAIN,RESTRICTED,0,0,0,0,0,0,0,0,0,0
XM1014 | Urban Perforated,0,1,VERTIGO,CONSUMER,0,0,0,0,0,0,0,0,0,0
MAC-10 | Urban DDPAT,0,1,VERTIGO,CONSUMER,0,0,0,0,0,0,0,0,0,0
PP-Bizon | Carbon Fiber,0,1,VERTIGO,INDUSTRIAL,0,0,0,0,0,0,0,0,0,0
P90 | Glacier Mesh,0,1,VERTIGO,MIL_SPEC,0,0,0,0,0,0,0,0,0,0
AK-47 | Black Laminate,0,1,VERTIGO,MIL_SPEC,0,0,0,0,0,0,0,0,0,0
Dual Berettas | Demolition,0,1,VERTIGO,RESTRICTED,0,0,0,0,0,0,0,0,0,0
SCAR-20 | Army Sheen,0,1,CHOP_SHOP,CONSUMER,0,0,0,0,0,0,0,0,0,0
CZ75-Auto | Army Sheen,0,1,CHOP_SHOP,CONSUMER,0,0,0,0,0,0,0,0,0,0
M249 | Impact Drill,0,1,CHOP_SHOP,CONSUMER,0,0,0,0,0,0,0,0,0,0
MAG-7 | Seabird,0,1,CHOP_SHOP,CONSUMER,0,0,0,0,0,0,0,0,0,0
Desert Eagle | Night,0,1,CHOP_SHOP,INDUSTRIAL,0,0,0,0,0,0,0,0,0,0
Galil AR | Urban Rubble,0,1,CHOP_SHOP,INDUSTRIAL,0,0,0,0,0,0,0,0,0,0
USP-S | Para Green,0,1,CHOP_SHOP,INDUSTRIAL,0,0,0,0,0,0,0,0,0,0
MAC-10 | Fade,0,1,CHOP_SHOP,MIL_SPEC,0,0,0,0,0,0,0,0,0,0
P250 | Whiteout,0,1,CHOP_SHOP,MIL_SPEC,0,0,0,0,0,0,0,0,0,0
MP7 | Full Stop,0,1,CHOP_SHOP,MIL_SPEC,0,0,0,0,0,0,0,0,0,0
Five-SeveN | Nitro,0,1,CHOP_SHOP,MIL_SPEC,0,0,0,0,0,0,0,0,0,0
CZ75-Auto | Emerald,0,1,CHOP_SHOP,MIL_SPEC,0,0,0,0,0,0,0,0,0,0
SG 553 | Bulldozer,0,1,CHOP_SHOP,RESTRICTED,0,0,0,0,0,0,0,0,0,0
Dual Berettas | Duelist,0,1,CHOP_SHOP,RESTRICTED,0,0,0,0,0,0,0,0,0,0
Glock-18 | Twilight Galaxy,0,1,CHOP_SHOP,CLASSIFIED,0,0,0,0,0,0,0,0,0,0
M4A1-S | Hot Rod,0,1,CHOP_SHOP,CLASSIFIED,0,0,0,0,0,0,0,0,0,0
MP7 | Asterion,0,1,GODS_AND_MONSTERS,CONSUMER,0,0,0,0,0,0,0,0,0,0
AUG | Daedalus,0,1,GODS_AND_MONSTERS,CONSUMER,0,0,0,0,0,0,0,0,0,0
Dual Berettas | Moon in Libra,0,1,GODS_AND_MONSTERS,CONSUMER,0,0,0,0,0,0,0,0,0,0
Nova | Moon in Libra,0,1,GODS_AND_MONSTERS,CONSUMER,0,0,0,0,0,0,0,0,0,0
Tec-9 | Hades,0,1,GODS_AND_MONSTERS,INDUSTRIAL,0,0,0,0,0,0,0,0,0,0
P2000 | Pathfinder,0,1,GODS_AND_MONSTERS,INDUSTRIAL,0,0,0,0,0,0,0,0,0,0
AWP | Sun in Leo,0,1,GODS_AND_MONSTERS,INDUSTRIAL,0,0,0,0,0,0,0,0,0,0
M249 | Shipping Forecast,0,1,GODS_AND_MONSTERS,INDUSTRIAL,0,0,0,0,0,0,0,0,0,0
UMP-45 | Minotaur's Labyrinth,0,1,GODS_AND_MONSTERS,MIL_SPEC,0,0,0,0,0,0,0,0,0,0
MP9 | Pandora's Box,0,1,GODS_AND_MONSTERS,MIL_SPEC,0,0,0,0,0,0,0,0,0,0
G3SG1 | Chronos,0,1,GODS_AND_MONSTERS,RESTRICTED,0,0,0,0,0,0,0,0,0,0
M4A1-S | Icarus Fell,0,1,GODS_AND_MONSTERS,RESTRICTED,0,0,0,0,0,0,0,0,0,0
M4A4 | Poseidon,0,1,GODS_AND_MONSTERS,CLASSIFIED,0,0,0,0,0,0,0,0,0,0
AWP | Medusa,0,1,GODS_AND_MONSTERS,COVERT,0,0,0,0,0,0,0,0,0,0
PP-Bizon | Bamboo Print,0,1,RISING_SUN,CONSUMER,0,0,0,0,0,0,0,0,0,0
Sawed-Off | Bamboo Shadow,0,1,RISING_SUN,CONSUMER,0,0,0,0,0,0,0,0,0,0
Tec-9 | Bamboo Forest,0,1,RISING_SUN,CONSUMER,0,0,0,0,0,0,0,0,0,0
G3SG1 | Orange Kimono,0,1,RISING_SUN,CONSUMER,0,0,0,0,0,0,0,0,0,0
P250 | Mint Kimono,0,1,RISING_SUN,CONSUMER,0,0,0,0,0,0,0,0,0,0
P250 | Crimson Kimono,0,1,RISING_SUN,INDUSTRIAL,0,0,0,0,0,0,0,0,0,0
Desert Eagle | Midnight Storm,0,1,RISING_SUN,INDUSTRIAL,0,0,0,0,0,0,0,0,0,0
Galil AR | Aqua Terrace,0,1,RISING_SUN,MIL_SPEC,0,0,0,0,0,0,0,0,0,0
MAG-7 | Counter Terrace,0,1,RISING_SUN,MIL_SPEC,0,0,0,0,0,0,0,0,0,0
Tec-9 | Terrace,0,1,RISING_SUN,MIL_SPEC,0,0,0,0,0,0,0,0,0,0
Five-SeveN | Neon Kimono,0,1,RISING_SUN,RESTRICTED,0,0,0,0,0,0,0,0,0,0
Desert Eagle | Sunset Storm ?,0,1,RISING_SUN,RESTRICTED,0,0,0,0,0,0,0,0,0,0
Desert Eagle | Sunset Storm ?,0,1,RISING_SUN,RESTRICTED,0,0,0,0,0,0,0,0,0,0
M4A4 | Daybreak,0,1,RISING_SUN,RESTRICTED,0,0,0,0,0,0,0,0,0,0
AK-47 | Hydroponic,0,1,RISING_SUN,CLASSIFIED,0,0,0,0,0,0,0,0,0,0
AUG | Akihabara Accept,0,1,RISING_SUN,COVERT,0,0,0,0,0,0,0,0,0,0
M249 | Jungle DDPAT,0,1,ALPHA,CONSUMER,0,0,0,0,0,0,0,0,0,0
Tec-9 | Tornado,0,1,ALPHA,CONSUMER,0,0,0,0,0,0,0,0,0,0
MP9 | Dry Season,0,1,ALPHA,CONSUMER,0,0,0,0,0,0,0,0,0,0
Five-SeveN | Anodized Gunmetal,0,1,ALPHA,CONSUMER,0,0,0,0,0,0,0,0,0,0
XM1014 | Jungle,0,1,ALPHA,CONSUMER,0,0,0,0,0,0,0,0,0,0
MP7 | Groundwater,0,1,ALPHA,CONSUMER,0,0,0,0,0,0,0,0,0,0
Glock-18 | Sand Dune,0,1,ALPHA,INDUSTRIAL,0,0,0,0,0,0,0,0,0,0
SSG 08 | Mayan Dreams,0,1,ALPHA,INDUSTRIAL,0,0,0,0,0,0,0,0,0,0
Negev | Palm,0,1,ALPHA,INDUSTRIAL,0,0,0,0,0,0,0,0,0,0
Sawed-Off | Mosaico,0,1,ALPHA,INDUSTRIAL,0,0,0,0,0,0,0,0,0,0
P250 | Facets,0,1,ALPHA,INDUSTRIAL,0,0,0,0,0,0,0,0,0,0
AUG | Anodized Navy,0,1,ALPHA,MIL_SPEC,0,0,0,0,0,0,0,0,0,0
MAG-7 | Hazard,0,1,ALPHA,MIL_SPEC,0,0,0,0,0,0,0,0,0,0
PP-Bizon | Rust Coat,0,1,ALPHA,MIL_SPEC,0,0,0,0,0,0,0,0,0,0
FAMAS | Spitfire,0,1,ALPHA,RESTRICTED,0,0,0,0,0,0,0,0,0,0
SCAR-20 | Emerald,0,1,ALPHA,RESTRICTED,0,0,0,0,0,0,0,0,0,0
MP7 | Skulls,0,1,ARMS_DEAL,MIL_SPEC,0,0,0,0,0,0,0,0,0,0
SG 553 | Ultraviolet,0,1,ARMS_DEAL,MIL_SPEC,0,0,0,0,0,0,0,0,0,0
AUG | Wings,0,1,ARMS_DEAL,MIL_SPEC,0,0,0,0,0,0,0,0,0,0
M4A1-S | Dark Water,0,1,ARMS_DEAL,RESTRICTED,0,0,0,0,0,0,0,0,0,0
USP-S | Dark Water,0,1,ARMS_DEAL,RESTRICTED,0,0,0,0,0,0,0,0,0,0
Glock-18 | Dragon Tattoo,0,1,ARMS_DEAL,RESTRICTED,0,0,0,0,0,0,0,0,0,0
Desert Eagle | Hypnotic,0,1,ARMS_DEAL,CLASSIFIED,0,0,0,0,0,0,0,0,0,0
AK-47 | Case Hardened,0,1,ARMS_DEAL,CLASSIFIED,0,0,0,0,0,0,0,0,0,0
AWP | Lightning Strike,0,1,ARMS_DEAL,COVERT,0,0,0,0,0,0,0,0,0,0
M4A4 | Faded Zebra,0,1,ESPORTS_2013,MIL_SPEC,0,0,0,0,0,0,0,0,0,0
FAMAS | Doomkitty,0,1,ESPORTS_2013,MIL_SPEC,0,0,0,0,0,0,0,0,0,0
MAG-7 | Memento,0,1,ESPORTS_2013,MIL_SPEC,0,0,0,0,0,0,0,0,0,0
Sawed-Off | Orange DDPAT,0,1,ESPORTS_2013,RESTRICTED,0,0,0,0,0,0,0,0,0,0
P250 | Splash,0,1,ESPORTS_2013,RESTRICTED,0,0,0,0,0,0,0,0,0,0
Galil AR | Orange DDPAT,0,1,ESPORTS_2013,RESTRICTED,0,0,0,0,0,0,0,0,0,0
AK-47 | Red Laminate,0,1,ESPORTS_2013,CLASSIFIED,0,0,0,0,0,0,0,0,0,0
AWP | BOOM,0,1,ESPORTS_2013,CLASSIFIED,0,0,0,0,0,0,0,0,0,0
P90 | Death by Kitty,0,1,ESPORTS_2013,COVERT,0,0,0,0,0,0,0,0,0,0
Nova | Tempest,0,1,BRAVO,MIL_SPEC,0,0,0,0,0,0,0,0,0,0
Dual Berettas | Black Limba,0,1,BRAVO,MIL_SPEC,0,0,0,0,0,0,0,0,0,0
UMP-45 | Bone Pile,0,1,BRAVO,MIL_SPEC,0,0,0,0,0,0,0,0,0,0
SG 553 | Wave Spray,0,1,BRAVO,MIL_SPEC,0,0,0,0,0,0,0,0,0,0
Galil AR | Shattered,0,1,BRAVO,MIL_SPEC,0,0,0,0,0,0,0,0,0,0
G3SG1 | Demeter,0,1,BRAVO,MIL_SPEC,0,0,0,0,0,0,0,0,0,0
M4A1-S | Bright Water,0,1,BRAVO,RESTRICTED,0,0,0,0,0,0,0,0,0,0
M4A4 | Zirka,0,1,BRAVO,RESTRICTED,0,0,0,0,0,0,0,0,0,0
MAC-10 | Graven,0,1,BRAVO,RESTRICTED,0,0,0,0,0,0,0,0,0,0
USP-S | Overgrowth,0,1,BRAVO,RESTRICTED,0,0,0,0,0,0,0,0,0,0
P90 | Emerald Dragon,0,1,BRAVO,CLASSIFIED,0,0,0,0,0,0,0,0,0,0
P2000 | Ocean Foam,0,1,BRAVO,CLASSIFIED,0,0,0,0,0,0,0,0,0,0
AWP | Graphite,0,1,BRAVO,CLASSIFIED,0,0,0,0,0,0,0,0,0,0
Desert Eagle | Golden Koi,0,1,BRAVO,COVERT,0,0,0,0,0,0,0,0,0,0
AK-47 | Fire Serpent,0.06,0.76,BRAVO,COVERT,0,0,0,0,0,0,0,0,0,0
Tec-9 | Blue Titanium,0,1,ARMS_DEAL_2,MIL_SPEC,0,0,0,0,0,0,0,0,0,0
M4A1-S | Blood Tiger,0,1,ARMS_DEAL_2,MIL_SPEC,0,0,0,0,0,0,0,0,0,0
FAMAS | Hexane,0,1,ARMS_DEAL_2,MIL_SPEC,0,0,0,0,0,0,0,0,0,0
P250 | Hive,0,1,ARMS_DEAL_2,MIL_SPEC,0,0,0,0,0,0,0,0,0,0
SCAR-20 | Crimson Web,0,1,ARMS_DEAL_2,MIL_SPEC,0,0,0,0,0,0,0,0,0,0
Five-SeveN | Case Hardened,0,1,ARMS_DEAL_2,RESTRICTED,0,0,0,0,0,0,0,0,0,0
MP9 | Hypnotic,0,1,ARMS_DEAL_2,RESTRICTED,0,0,0,0,0,0,0,0,0,0
Nova | Graphite,0,1,ARMS_DEAL_2,RESTRICTED,0,0,0,0,0,0,0,0,0,0
Dual Berettas | Hemoglobin,0,1,ARMS_DEAL_2,RESTRICTED,0,0,0,0,0,0,0,0,0,0
P90 | Cold Blooded,0,1,ARMS_DEAL_2,CLASSIFIED,0,0,0,0,0,0,0,0,0,0
USP-S | Serum,0,1,ARMS_DEAL_2,CLASSIFIED,0,0,0,0,0,0,0,0,0,0
SSG 08 | Blood in the Water,0,1,ARMS_DEAL_2,COVERT,0,0,0,0,0,0,0,0,0,0
PP-Bizon | Cobalt Halftone,0,1,WINTER_OFFENSIVE,MIL_SPEC,0,0,0,0,0,0,0,0,0,0
M249 | Magma,0,1,WINTER_OFFENSIVE,MIL_SPEC,0,0,0,0,0,0,0,0,0,0
Five-SeveN | Kami,0,1,WINTER_OFFENSIVE,MIL_SPEC,0,0,0,0,0,0,0,0,0,0
Galil AR | Sandstorm,0,1,WINTER_OFFENSIVE,MIL_SPEC,0,0,0,0,0,0,0,0,0,0
Nova | Rising Skull,0,1,WINTER_OFFENSIVE,RESTRICTED,0,0,0,0,0,0,0,0,0,0
MP9 | Rose Iron,0,1,WINTER_OFFENSIVE,RESTRICTED,0,0,0,0,0,0,0,0,0,0
Dual Berettas | Marina,0,1,WINTER_OFFENSIVE,RESTRICTED,0,0,0,0,0,0,0,0,0,0
FAMAS | Pulse,0,1,WINTER_OFFENSIVE,RESTRICTED,0,0,0,0,0,0,0,0,0,0
AWP | Redline,0,1,WINTER_OFFENSIVE,CLASSIFIED,0,0,0,0,0,0,0,0,0,0
P250 | Mehndi,0,1,WINTER_OFFENSIVE,CLASSIFIED,0,0,0,0,0,0,0,0,0,0
M4A1-S | Guardian,0,1,WINTER_OFFENSIVE,CLASSIFIED,0,0,0,0,0,0,0,0,0,0
Sawed-Off | The Kraken,0,1,WINTER_OFFENSIVE,COVERT,0,0,0,0,0,0,0,0,0,0
M4A4 | Asiimov,0,1,WINTER_OFFENSIVE,COVERT,0,0,0,0,0,0,0,0,0,0
Galil AR | Blue Titanium,0,1,ESPORTS_2013_WINTER,MIL_SPEC,0,0,0,0,0,0,0,0,0,0
Five-SeveN | Nightshade,0,1,ESPORTS_2013_WINTER,MIL_SPEC,0,0,0,0,0,0,0,0,0,0
PP-Bizon | Water Sigil,0,1,ESPORTS_2013_WINTER,MIL_SPEC,0,0,0,0,0,0,0,0,0,0
Nova | Ghost Camo,0,1,ESPORTS_2013_WINTER,MIL_SPEC,0,0,0,0,0,0,0,0,0,0
G3SG1 | Azure Zebra,0,1,ESPORTS_2013_WINTER,MIL_SPEC,0,0,0,0,0,0,0,0,0,0
P250 | Steel Disruption,0,1,ESPORTS_2013_WINTER,MIL_SPEC,0,0,0,0,0,0,0,0,0,0
AK-47 | Blue Laminate,0,1,ESPORTS_2013_WINTER,RESTRICTED,0,0,0,0,0,0,0,0,0,0
P90 | Blind Spot,0,1,ESPORTS_2013_WINTER,RESTRICTED,0,0,0,0,0,0,0,0,0,0
FAMAS | Afterimage,0,1,ESPORTS_2013_WINTER,CLASSIFIED,0,0,0,0,0,0,0,0,0,0
AWP | Electric Hive,0,1,ESPORTS_2013_WINTER,CLASSIFIED,0,0,0,0,0,0,0,0,0,0
Desert Eagle | Cobalt Disruption,0,1,ESPORTS_2013_WINTER,CLASSIFIED,0,0,0,0,0,0,0,0,0,0
M4A4 | X-Ray,0,1,ESPORTS_2013_WINTER,COVERT,0,0,0,0,0,0,0,0,0,0
CZ75-Auto | Crimson Web,0,1,ARMS_DEAL_3,MIL_SPEC,0,0,0,0,0,0,0,0,0,0
P2000 | Red FragCam,0,1,ARMS_DEAL_3,MIL_SPEC,0,0,0,0,0,0,0,0,0,0
Dual Berettas | Panther,0,1,ARMS_DEAL_3,MIL_SPEC,0,0,0,0,0,0,0,0,0,0
USP-S | Stainless,0,1,ARMS_DEAL_3,MIL_SPEC,0,0,0,0,0,0,0,0,0,0
Glock-18 | Blue Fissure,0,1,ARMS_DEAL_3,MIL_SPEC,0,0,0,0,0,0,0,0,0,0
CZ75-Auto | Tread Plate,0,1,ARMS_DEAL_3,RESTRICTED,0,0,0,0,0,0,0,0,0,0
Tec-9 | Titanium Bit,0,1,ARMS_DEAL_3,RESTRICTED,0,0,0,0,0,0,0,0,0,0
Desert Eagle | Heirloom,0,1,ARMS_DEAL_3,RESTRICTED,0,0,0,0,0,0,0,0,0,0
Five-SeveN | Copper Galaxy,0,1,ARMS_DEAL_3,RESTRICTED,0,0,0,0,0,0,0,0,0,0
CZ75-Auto | The Fuschia Is Now,0,1,ARMS_DEAL_3,CLASSIFIED,0,0,0,0,0,0,0,0,0,0
P250 | Undertow,0,1,ARMS_DEAL_3,CLASSIFIED,0,0,0,0,0,0,0,0,0,0
CZ75-Auto | Victoria,0,1,ARMS_DEAL_3,COVERT,0,0,0,0,0,0,0,0,0,0
UMP-45 | Corporal,0,1,PHOENIX,MIL_SPEC,0,0,0,0,0,0,0,0,0,0
Negev | Terrain,0,1,PHOENIX,MIL_SPEC,0,0,0,0,0,0,0,0,0,0
Tec-9 | Sandstorm,0,1,PHOENIX,MIL_SPEC,0,0,0,0,0,0,0,0,0,0
MAG-7 | Heaven Guard,0,1,PHOENIX,MIL_SPEC,0,0,0,0,0,0,0,0,0,0
MAC-10 | Heat,0,1,PHOENIX,RESTRICTED,0,0,0,0,0,0,0,0,0,0
SG 553 | Pulse,0,1,PHOENIX,RESTRICTED,0,0,0,0,0,0,0,0,0,0
FAMAS | Sergeant,0,1,PHOENIX,RESTRICTED,0,0,0,0,0,0,0,0,0,0
USP-S | Guardian,0,1,PHOENIX,RESTRICTED,0,0,0,0,0,0,0,0,0,0
AK-47 | Redline,0,1,PHOENIX,CLASSIFIED,0,0,0,0,0,0,0,0,0,0
P90 | Trigon,0,1,PHOENIX,CLASSIFIED,0,0,0,0,0,0,0,0,0,0
Nova | Antique,0,1,PHOENIX,CLASSIFIED,0,0,0,0,0,0,0,0,0,0
AWP | Asiimov,0,1,PHOENIX,COVERT,0,0,0,0,0,0,0,0,0,0
AUG | Chameleon,0,1,PHOENIX,COVERT,0,0,0,0,0,0,0,0,0,0
Tec-9 | Isaac,0,1,HUNTSMAN,MIL_SPEC,0,0,0,0,0,0,0,0,0,0
SSG 08 | Slashed,0,1,HUNTSMAN,MIL_SPEC,0,0,0,0,0,0,0,0,0,0
Dual Berettas | Retribution **,0,1,HUNTSMAN,MIL_SPEC,0,0,0,0,0,0,0,0,0,0
Galil AR | Kami,0,1,HUNTSMAN,MIL_SPEC,0,0,0,0,0,0,0,0,0,0
P90 | Desert Warfare **,0,1,HUNTSMAN,MIL_SPEC,0,0,0,0,0,0,0,0,0,0
CZ75-Auto | Poison Dart **,0,1,HUNTSMAN,MIL_SPEC,0,0,0,0,0,0,0,0,0,0
CZ75-Auto | Twist *,0,1,HUNTSMAN,MIL_SPEC,0,0,0,0,0,0,0,0,0,0
P90 | Module *,0,1,HUNTSMAN,MIL_SPEC,0,0,0,0,0,0,0,0,0,0
P2000 | Pulse *,0,1,HUNTSMAN,MIL_SPEC,0,0,0,0,0,0,0,0,0,0
AUG | Torque,0,1,HUNTSMAN,RESTRICTED,0,0,0,0,0,0,0,0,0,0
PP-Bizon | Antique,0,1,HUNTSMAN,RESTRICTED,0,0,0,0,0,0,0,0,0,0
XM1014 | Heaven Guard,0,1,HUNTSMAN,RESTRICTED,0,0,0,0,0,0,0,0,0,0
MAC-10 | Curse **,0,1,HUNTSMAN,RESTRICTED,0,0,0,0,0,0,0,0,0,0
MAC-10 | Tatter *,0,1,HUNTSMAN,RESTRICTED,0,0,0,0,0,0,0,0,0,0
M4A1-S | Atomic Alloy,0,1,HUNTSMAN,CLASSIFIED,0,0,0,0,0,0,0,0,0,0
SCAR-20 | Cyrex,0,1,HUNTSMAN,CLASSIFIED,0,0,0,0,0,0,0,0,0,0
USP-S | Orion **,0,1,HUNTSMAN,CLASSIFIED,0,0,0,0,0,0,0,0,0,0
USP-S | Caiman *,0,1,HUNTSMAN,CLASSIFIED,0,0,0,0,0,0,0,0,0,0
AK-47 | Vulcan,0,1,HUNTSMAN,COVERT,0,0,0,0,0,0,0,0,0,0
M4A4 | Desert-Strike *,0,1,HUNTSMAN,COVERT,0,0,0,0,0,0,0,0,0,0
M4A4 | Howl **,0,1,HUNTSMAN,CONTRABAND,0,0,0,0,0,0,0,0,0,0
MP7 | Urban Hazard,0,1,BREAKOUT,MIL_SPEC,0,0,0,0,0,0,0,0,0,0
Negev | Desert-Strike,0,1,BREAKOUT,MIL_SPEC,0,0,0,0,0,0,0,0,0,0
P2000 | Ivory,0,1,BREAKOUT,MIL_SPEC,0,0,0,0,0,0,0,0,0,0
SSG 08 | Abyss,0,1,BREAKOUT,MIL_SPEC,0,0,0,0,0,0,0,0,0,0
UMP-45 | Labyrinth,0,1,BREAKOUT,MIL_SPEC,0,0,0,0,0,0,0,0,0,0
PP-Bizon | Osiris,0,1,BREAKOUT,RESTRICTED,0,0,0,0,0,0,0,0,0,0
CZ75-Auto | Tigris,0,1,BREAKOUT,RESTRICTED,0,0,0,0,0,0,0,0,0,0
Nova | Koi,0,1,BREAKOUT,RESTRICTED,0,0,0,0,0,0,0,0,0,0
P250 | SuperNova |,0,1,BREAKOUT,RESTRICTED,0,0,0,0,0,0,0,0,0,0
Desert Eagle | Conspiracy,0,1,BREAKOUT,CLASSIFIED,0,0,0,0,0,0,0,0,0,0
Five-SeveN | Fowl Play,0,1,BREAKOUT,CLASSIFIED,0,0,0,0,0,0,0,0,0,0
Glock-18 | Water Elemental,0,1,BREAKOUT,CLASSIFIED,0,0,0,0,0,0,0,0,0,0
P90 | Asiimov,0,1,BREAKOUT,COVERT,0,0,0,0,0,0,0,0,0,0
M4A1-S | Cyrex,0,1,BREAKOUT,COVERT,0,0,0,0,0,0,0,0,0,0
SSG 08 | Dark Water,0,1,ESPORTS_2014_SUMMER,MIL_SPEC,0,0,0,0,0,0,0,0,0,0
MAC-10 | Ultraviolet,0,1,ESPORTS_2014_SUMMER,MIL_SPEC,0,0,0,0,0,0,0,0,0,0
USP-S | Blood Tiger,0,1,ESPORTS_2014_SUMMER,MIL_SPEC,0,0,0,0,0,0,0,0,0,0
CZ75-Auto | Hexane,0,1,ESPORTS_2014_SUMMER,MIL_SPEC,0,0,0,0,0,0,0,0,0,0
Negev | Bratatat,0,1,ESPORTS_2014_SUMMER,MIL_SPEC,0,0,0,0,0,0,0,0,0,0
XM1014 | Red Python,0,1,ESPORTS_2014_SUMMER,MIL_SPEC,0,0,0,0,0,0,0,0,0,0
PP-Bizon | Blue Streak,0,1,ESPORTS_2014_SUMMER,RESTRICTED,0,0,0,0,0,0,0,0,0,0
P90 | Virus,0,1,ESPORTS_2014_SUMMER,RESTRICTED,0,0,0,0,0,0,0,0,0,0
MP7 | Ocean Foam,0,1,ESPORTS_2014_SUMMER,RESTRICTED,0,0,0,0,0,0,0,0,0,0
Glock-18 | Steel Disruption,0,1,ESPORTS_2014_SUMMER,RESTRICTED,0,0,0,0,0,0,0,0,0,0
Desert Eagle | Crimson Web,0,1,ESPORTS_2014_SUMMER,RESTRICTED,0,0,0,0,0,0,0,0,0,0
AUG | Bengal Tiger,0,1,ESPORTS_2014_SUMMER,CLASSIFIED,0,0,0,0,0,0,0,0,0,0
Nova | Bloomstick,0,1,ESPORTS_2014_SUMMER,CLASSIFIED,0,0,0,0,0,0,0,0,0,0
AWP | Corticera,0,1,ESPORTS_2014_SUMMER,CLASSIFIED,0,0,0,0,0,0,0,0,0,0
P2000 | Corticera,0,1,ESPORTS_2014_SUMMER,CLASSIFIED,0,0,0,0,0,0,0,0,0,0
M4A4 | Bullet Rain,0,1,ESPORTS_2014_SUMMER,COVERT,0,0,0,0,0,0,0,0,0,0
AK-47 | Jaguar,0,1,ESPORTS_2014_SUMMER,COVERT,0,0,0,0,0,0,0,0,0,0
G3SG1 | Murky,0,1,VANGUARD,MIL_SPEC,0,0,0,0,0,0,0,0,0,0
MAG-7 | Firestarter,0,1,VANGUARD,MIL_SPEC,0,0,0,0,0,0,0,0,0,0
MP9 | Dart,0,1,VANGUARD,MIL_SPEC,0,0,0,0,0,0,0,0,0,0
Five-SeveN | Urban Hazard,0,1,VANGUARD,MIL_SPEC,0,0,0,0,0,0,0,0,0,0
UMP-45 | Delusion,0,1,VANGUARD,MIL_SPEC,0,0,0,0,0,0,0,0,0,0
Glock-18 | Grinder,0,1,VANGUARD,RESTRICTED,0,0,0,0,0,0,0,0,0,0
M4A1-S | Basilisk,0,1,VANGUARD,RESTRICTED,0,0,0,0,0,0,0,0,0,0
M4A4 | Griffin,0,1,VANGUARD,RESTRICTED,0,0,0,0,0,0,0,0,0,0
Sawed-Off | Highwayman,0,1,VANGUARD,RESTRICTED,0,0,0,0,0,0,0,0,0,0
P250 | Cartel,0,1,VANGUARD,CLASSIFIED,0,0,0,0,0,0,0,0,0,0
SCAR-20 | Cardiac,0,1,VANGUARD,CLASSIFIED,0,0,0,0,0,0,0,0,0,0
XM1014 | Tranquility,0,1,VANGUARD,CLASSIFIED,0,0,0,0,0,0,0,0,0,0
AK-47 | Wasteland Rebel,0,1,VANGUARD,COVERT,0,0,0,0,0,0,0,0,0,0
P2000 | Fire Elemental,0,1,VANGUARD,COVERT,0,0,0,0,0,0,0,0,0,0
Glock-18 | Catacombs,0,1,CHROMA,MIL_SPEC,0,0,0,0,0,0,0,0,0,0
M249 | System Lock,0,1,CHROMA,MIL_SPEC,0,0,0,0,0,0,0,0,0,0
MP9 | Deadly Poison,0,1,CHROMA,MIL_SPEC,0,0,0,0,0,0,0,0,0,0
SCAR-20 | Grotto,0,1,CHROMA,MIL_SPEC,0,0,0,0,0,0,0,0,0,0
XM1014 | Quicksilver,0,1,CHROMA,MIL_SPEC,0,0,0,0,0,0,0,0,0,0
Dual Berettas | Urban Shock,0,1,CHROMA,RESTRICTED,0,0,0,0,0,0,0,0,0,0
Desert Eagle | Naga,0,1,CHROMA,RESTRICTED,0,0,0,0,0,0,0,0,0,0
MAC-10 | Malachite,0,1,CHROMA,RESTRICTED,0,0,0,0,0,0,0,0,0,0
Sawed-Off | Serenity,0,1,CHROMA,RESTRICTED,0,0,0,0,0,0,0,0,0,0
AK-47 | Cartel,0,1,CHROMA,CLASSIFIED,0,0,0,0,0,0,0,0,0,0
M4A4 | ?? (Dragon King),0,1,CHROMA,CLASSIFIED,0,0,0,0,0,0,0,0,0,0
P250 | Muertos,0,1,CHROMA,CLASSIFIED,0,0,0,0,0,0,0,0,0,0
AWP | Man-o'-war,0,1,CHROMA,COVERT,0,0,0,0,0,0,0,0,0,0
Galil AR | Chatterbox,0,1,CHROMA,COVERT,0,0,0,0,0,0,0,0,0,0
AK-47 | Elite Build,0,1,CHROMA_2,MIL_SPEC,0,0,0,0,0,0,0,0,0,0
MP7 | Armor Core,0,1,CHROMA_2,MIL_SPEC,0,0,0,0,0,0,0,0,0,0
Desert Eagle | Bronze Deco,0,1,CHROMA_2,MIL_SPEC,0,0,0,0,0,0,0,0,0,0
P250 | Valence,0,1,CHROMA_2,MIL_SPEC,0,0,0,0,0,0,0,0,0,0
Negev | Man-o'-war,0,1,CHROMA_2,MIL_SPEC,0,0,0,0,0,0,0,0,0,0
Sawed-Off | Origami,0,1,CHROMA_2,MIL_SPEC,0,0,0,0,0,0,0,0,0,0
AWP | Worm God,0,1,CHROMA_2,RESTRICTED,0,0,0,0,0,0,0,0,0,0
MAG-7 | Heat,0,1,CHROMA_2,RESTRICTED,0,0,0,0,0,0,0,0,0,0
CZ75-Auto | Pole Position,0,1,CHROMA_2,RESTRICTED,0,0,0,0,0,0,0,0,0,0
UMP-45 | Grand Prix,0,1,CHROMA_2,RESTRICTED,0,0,0,0,0,0,0,0,0,0
Five-SeveN | Monkey Business,0,1,CHROMA_2,CLASSIFIED,0,0,0,0,0,0,0,0,0,0
Galil AR | Eco,0,1,CHROMA_2,CLASSIFIED,0,0,0,0,0,0,0,0,0,0
FAMAS | Djinn,0,1,CHROMA_2,CLASSIFIED,0,0,0,0,0,0,0,0,0,0
M4A1-S | Hyper Beast,0,1,CHROMA_2,COVERT,0,0,0,0,0,0,0,0,0,0
MAC-10 | Neon Rider,0,1,CHROMA_2,COVERT,0,0,0,0,0,0,0,0,0,0
Galil AR | Rocket Pop,0,1,FALCHION,MIL_SPEC,0,0,0,0,0,0,0,0,0,0
Glock-18 | Bunsen Burner,0,1,FALCHION,MIL_SPEC,0,0,0,0,0,0,0,0,0,0
Nova | Ranger,0,1,FALCHION,MIL_SPEC,0,0,0,0,0,0,0,0,0,0
P90 | Elite Build,0,1,FALCHION,MIL_SPEC,0,0,0,0,0,0,0,0,0,0
UMP-45 | Riot,0,1,FALCHION,MIL_SPEC,0,0,0,0,0,0,0,0,0,0
USP-S | Torque,0,1,FALCHION,MIL_SPEC,0,0,0,0,0,0,0,0,0,0
FAMAS | Neural Net,0,1,FALCHION,RESTRICTED,0,0,0,0,0,0,0,0,0,0
M4A4 | Evil Daimyo,0,1,FALCHION,RESTRICTED,0,0,0,0,0,0,0,0,0,0
MP9 | Ruby Poison Dart,0,1,FALCHION,RESTRICTED,0,0,0,0,0,0,0,0,0,0
Negev | Loudmouth,0,1,FALCHION,RESTRICTED,0,0,0,0,0,0,0,0,0,0
P2000 | Handgun,0,1,FALCHION,RESTRICTED,0,0,0,0,0,0,0,0,0,0
CZ75-Auto | Yellow Jacket,0,1,FALCHION,CLASSIFIED,0,0,0,0,0,0,0,0,0,0
MP7 | Nemesis,0,1,FALCHION,CLASSIFIED,0,0,0,0,0,0,0,0,0,0
SG 553 | Cyrex,0,1,FALCHION,CLASSIFIED,0,0,0,0,0,0,0,0,0,0
AK-47 | Aquamarine Revenge,0,1,FALCHION,COVERT,0,0,0,0,0,0,0,0,0,0
AWP | Hyper Beast,0,1,FALCHION,COVERT,0,0,0,0,0,0,0,0,0,0
Dual Berettas | Dualing Dragons,0,1,SHADOW,MIL_SPEC,0,0,0,0,0,0,0,0,0,0
FAMAS | Survivor Z,0,1,SHADOW,MIL_SPEC,0,0,0,0,0,0,0,0,0,0
Glock-18 | Wraiths,0,1,SHADOW,MIL_SPEC,0,0,0,0,0,0,0,0,0,0
MAC-10 | Rangeen,0,1,SHADOW,MIL_SPEC,0,0,0,0,0,0,0,0,0,0
MAG-7 | Cobalt Core,0,1,SHADOW,MIL_SPEC,0,0,0,0,0,0,0,0,0,0
SCAR-20 | Green Marine,0,1,SHADOW,MIL_SPEC,0,0,0,0,0,0,0,0,0,0
XM1014 | Scumbria,0,1,SHADOW,MIL_SPEC,0,0,0,0,0,0,0,0,0,0
Galil AR | Stone Cold,0,1,SHADOW,RESTRICTED,0,0,0,0,0,0,0,0,0,0
M249 | Nebula Crusader,0,1,SHADOW,RESTRICTED,0,0,0,0,0,0,0,0,0,0
MP7 | Special Delivery,0,1,SHADOW,RESTRICTED,0,0,0,0,0,0,0,0,0,0
P250 | Wingshot,0,1,SHADOW,RESTRICTED,0,0,0,0,0,0,0,0,0,0
AK-47 | Frontside Misty,0,1,SHADOW,CLASSIFIED,0,0,0,0,0,0,0,0,0,0
G3SG1 | Flux,0,1,SHADOW,CLASSIFIED,0,0,0,0,0,0,0,0,0,0
SSG 08 | Big Iron,0,1,SHADOW,CLASSIFIED,0,0,0,0,0,0,0,0,0,0
M4A1-S | Golden Coil,0,1,SHADOW,COVERT,0,0,0,0,0,0,0,0,0,0
USP-S | Kill Confirmed,0,1,SHADOW,COVERT,0,0,0,0,0,0,0,0,0,0
R8 Revolver | Crimson Web,0,1,REVOLVER,MIL_SPEC,0,0,0,0,0,0,0,0,0,0
AUG | Ricochet,0,1,REVOLVER,MIL_SPEC,0,0,0,0,0,0,0,0,0,0
Desert Eagle | Corinthian,0,1,REVOLVER,MIL_SPEC,0,0,0,0,0,0,0,0,0,0
P2000 | Imperial,0,1,REVOLVER,MIL_SPEC,0,0,0,0,0,0,0,0,0,0
Sawed-Off | Yorick,0,1,REVOLVER,MIL_SPEC,0,0,0,0,0,0,0,0,0,0
PP-Bizon | Fuel Rod,0,1,REVOLVER,RESTRICTED,0,0,0,0,0,0,0,0,0,0
Five-SeveN | Retrobution,0,1,REVOLVER,RESTRICTED,0,0,0,0,0,0,0,0,0,0
Negev | Power Loader,0,1,REVOLVER,RESTRICTED,0,0,0,0,0,0,0,0,0,0
SG 553 | Tiger Moth,0,1,REVOLVER,RESTRICTED,0,0,0,0,0,0,0,0,0,0
Tec-9 | Avalanche,0,1,REVOLVER,RESTRICTED,0,0,0,0,0,0,0,0,0,0
XM1014 | Teclu Burner,0,1,REVOLVER,RESTRICTED,0,0,0,0,0,0,0,0,0,0
AK-47 | Point Disarray,0,1,REVOLVER,CLASSIFIED,0,0,0,0,0,0,0,0,0,0
G3SG1 | The Executioner,0,1,REVOLVER,CLASSIFIED,0,0,0,0,0,0,0,0,0,0
P90 | Shapewood,0,1,REVOLVER,CLASSIFIED,0,0,0,0,0,0,0,0,0,0
M4A4 | Royal Paladin,0,1,REVOLVER,COVERT,0,0,0,0,0,0,0,0,0,0
R8 Revolver | Fade,0,1,REVOLVER,COVERT,0,0,0,0,0,0,0,0,0,0
PP-Bizon | Photic Zone,0,1,OPERATION_WILDFIRE,MIL_SPEC,0,0,0,0,0,0,0,0,0,0
Dual Berettas | Cartel,0,1,OPERATION_WILDFIRE,MIL_SPEC,0,0,0,0,0,0,0,0,0,0
MAC-10 | Lapis Gator,0,1,OPERATION_WILDFIRE,MIL_SPEC,0,0,0,0,0,0,0,0,0,0
SSG 08 | Necropos,0,1,OPERATION_WILDFIRE,MIL_SPEC,0,0,0,0,0,0,0,0,0,0
Tec-9 | Jambiya,0,1,OPERATION_WILDFIRE,MIL_SPEC,0,0,0,0,0,0,0,0,0,0
USP-S | Lead Conduit,0,1,OPERATION_WILDFIRE,MIL_SPEC,0,0,0,0,0,0,0,0,0,0
FAMAS | Valence,0,1,OPERATION_WILDFIRE,RESTRICTED,0,0,0,0,0,0,0,0,0,0
Five-SeveN | Triumvirate,0,1,OPERATION_WILDFIRE,RESTRICTED,0,0,0,0,0,0,0,0,0,0
Glock-18 | Royal Legion,0,1,OPERATION_WILDFIRE,RESTRICTED,0,0,0,0,0,0,0,0,0,0
MAG-7 | Praetorian,0,1,OPERATION_WILDFIRE,RESTRICTED,0,0,0,0,0,0,0,0,0,0
MP7 | Impire,0,1,OPERATION_WILDFIRE,RESTRICTED,0,0,0,0,0,0,0,0,0,0
AWP | Elite Build,0,1,OPERATION_WILDFIRE,CLASSIFIED,0,0,0,0,0,0,0,0,0,0
Desert Eagle | Kumicho Dragon,0,1,OPERATION_WILDFIRE,CLASSIFIED,0,0,0,0,0,0,0,0,0,0
Nova | Hyper Beast,0,1,OPERATION_WILDFIRE,CLASSIFIED,0,0,0,0,0,0,0,0,0,0
M4A4 | The Battlestar,0,1,OPERATION_WILDFIRE,COVERT,0,0,0,0,0,0,0,0,0,0
AK-47 | Fuel Injector,0,1,OPERATION_WILDFIRE,COVERT,0,0,0,0,0,0,0,0,0,0
Dual Berettas | Ventilators,0,1,CHROMA_3,MIL_SPEC,0,0,0,0,0,0,0,0,0,0
G3SG1 | Orange Crash,0,1,CHROMA_3,MIL_SPEC,0,0,0,0,0,0,0,0,0,0
M249 | Spectre,0,1,CHROMA_3,MIL_SPEC,0,0,0,0,0,0,0,0,0,0
MP9 | Bioleak,0,1,CHROMA_3,MIL_SPEC,0,0,0,0,0,0,0,0,0,0
P2000 | Oceanic,0,1,CHROMA_3,MIL_SPEC,0,0,0,0,0,0,0,0,0,0
SG 553 | Atlas,0,1,CHROMA_3,MIL_SPEC,0,0,0,0,0,0,0,0,0,0
Sawed-Off | Fubar,0,1,CHROMA_3,MIL_SPEC,0,0,0,0,0,0,0,0,0,0
Galil AR | Firefight,0,1,CHROMA_3,RESTRICTED,0,0,0,0,0,0,0,0,0,0
CZ75-Auto | Red Astor,0,1,CHROMA_3,RESTRICTED,0,0,0,0,0,0,0,0,0,0
XM1014 | Black Tie,0,1,CHROMA_3,RESTRICTED,0,0,0,0,0,0,0,0,0,0
SSG 08 | Ghost Crusader,0,1,CHROMA_3,RESTRICTED,0,0,0,0,0,0,0,0,0,0
Tec-9 | Re-Entry,0,1,CHROMA_3,RESTRICTED,0,0,0,0,0,0,0,0,0,0
UMP-45 | Primal Saber,0,1,CHROMA_3,CLASSIFIED,0,0,0,0,0,0,0,0,0,0
P250 | Asiimov,0,1,CHROMA_3,CLASSIFIED,0,0,0,0,0,0,0,0,0,0
AUG | Fleet Flock,0,1,CHROMA_3,CLASSIFIED,0,0,0,0,0,0,0,0,0,0
M4A1-S | Chantico's Fire,0,1,CHROMA_3,COVERT,0,0,0,0,0,0,0,0,0,0
PP-Bizon | Judgement of Anubis,0,1,CHROMA_3,COVERT,0,0,0,0,0,0,0,0,0,0
Five-SeveN | Violent Daimyo,0,1,GAMMA,MIL_SPEC,0,0,0,0,0,0,0,0,0,0
MAC-10 | Carnivore,0,1,GAMMA,MIL_SPEC,0,0,0,0,0,0,0,0,0,0
Nova | Exo,0,1,GAMMA,MIL_SPEC,0,0,0,0,0,0,0,0,0,0
P250 | Iron Clad,0,1,GAMMA,MIL_SPEC,0,0,0,0,0,0,0,0,0,0
PP-Bizon | Harvester,0,1,GAMMA,MIL_SPEC,0,0,0,0,0,0,0,0,0,0
SG 553 | Aerial,0,1,GAMMA,MIL_SPEC,0,0,0,0,0,0,0,0,0,0
Tec-9 | Ice Cap,0,1,GAMMA,MIL_SPEC,0,0,0,0,0,0,0,0,0,0
AUG | Aristocrat,0,1,GAMMA,RESTRICTED,0,0,0,0,0,0,0,0,0,0
AWP | Phobos,0,1,GAMMA,RESTRICTED,0,0,0,0,0,0,0,0,0,0
P90 | Chopper,0,1,GAMMA,RESTRICTED,0,0,0,0,0,0,0,0,0,0
R8 Revolver | Reboot,0,1,GAMMA,RESTRICTED,0,0,0,0,0,0,0,0,0,0
Sawed-Off | Limelight,0,1,GAMMA,RESTRICTED,0,0,0,0,0,0,0,0,0,0
M4A4 | Desolate Space,0,1,GAMMA,CLASSIFIED,0,0,0,0,0,0,0,0,0,0
P2000 | Imperial Dragon,0,1,GAMMA,CLASSIFIED,0,0,0,0,0,0,0,0,0,0
SCAR-20 | Bloodsport,0,1,GAMMA,CLASSIFIED,0,0,0,0,0,0,0,0,0,0
Glock-18 | Wasteland Rebel,0,1,GAMMA,COVERT,0,0,0,0,0,0,0,0,0,0
M4A1-S | Mecha Industries,0,1,GAMMA,COVERT,0,0,0,0,0,0,0,0,0,0
XM1014 | Slipstream,0,1,GAMMA_2,MIL_SPEC,0,0,0,0,0,0,0,0,0,0
UMP-45 | Briefing,0,1,GAMMA_2,MIL_SPEC,0,0,0,0,0,0,0,0,0,0
P90 | Grim,0,1,GAMMA_2,MIL_SPEC,0,0,0,0,0,0,0,0,0,0
Negev | Dazzle,0,1,GAMMA_2,MIL_SPEC,0,0,0,0,0,0,0,0,0,0
G3SG1 | Ventilator,0,1,GAMMA_2,MIL_SPEC,0,0,0,0,0,0,0,0,0,0
Five-SeveN | Scumbria,0,1,GAMMA_2,MIL_SPEC,0,0,0,0,0,0,0,0,0,0
CZ75-Auto | Imprint,0,1,GAMMA_2,MIL_SPEC,0,0,0,0,0,0,0,0,0,0
SG 553 | Triarch,0,1,GAMMA_2,RESTRICTED,0,0,0,0,0,0,0,0,0,0
SCAR-20 | Powercore,0,1,GAMMA_2,RESTRICTED,0,0,0,0,0,0,0,0,0,0
MAG-7 | Petroglyph,0,1,GAMMA_2,RESTRICTED,0,0,0,0,0,0,0,0,0,0
Glock-18 | Weasel,0,1,GAMMA_2,RESTRICTED,0,0,0,0,0,0,0,0,0,0
Desert Eagle | Directive,0,1,GAMMA_2,RESTRICTED,0,0,0,0,0,0,0,0,0,0
Tec-9 | Fuel Injector,0,1,GAMMA_2,CLASSIFIED,0,0,0,0,0,0,0,0,0,0
MP9 | Airlock,0,1,GAMMA_2,CLASSIFIED,0,0,0,0,0,0,0,0,0,0
AUG | Syd Mead,0,1,GAMMA_2,CLASSIFIED,0,0,0,0,0,0,0,0,0,0
AK-47 | Neon Revolution,0,1,GAMMA_2,COVERT,0,0,0,0,0,0,0,0,0,0
FAMAS | Roll Cage,0,1,GAMMA_2,COVERT,0,0,0,0,0,0,0,0,0,0
P2000 | Turf,0,1,GLOVE,MIL_SPEC,0,0,0,0,0,0,0,0,0,0
MAG-7 | Sonar,0,1,GLOVE,MIL_SPEC,0,0,0,0,0,0,0,0,0,0
MP9 | Sand Scale,0,1,GLOVE,MIL_SPEC,0,0,0,0,0,0,0,0,0,0
Galil AR | Black Sand,0,1,GLOVE,MIL_SPEC,0,0,0,0,0,0,0,0,0,0
MP7 | Cirrus,0,1,GLOVE,MIL_SPEC,0,0,0,0,0,0,0,0,0,0
Glock-18 | Ironwork,0,1,GLOVE,MIL_SPEC,0,0,0,0,0,0,0,0,0,0
CZ75-Auto | Polymer,0,1,GLOVE,MIL_SPEC,0,0,0,0,0,0,0,0,0,0
USP-S | Cyrex,0,1,GLOVE,RESTRICTED,0,0,0,0,0,0,0,0,0,0
Nova | Gila,0,1,GLOVE,RESTRICTED,0,0,0,0,0,0,0,0,0,0
M4A1-S | Flashback,0,1,GLOVE,RESTRICTED,0,0,0,0,0,0,0,0,0,0
G3SG1 | Stinger,0,1,GLOVE,RESTRICTED,0,0,0,0,0,0,0,0,0,0
Dual Berettas | Royal Consorts,0,1,GLOVE,RESTRICTED,0,0,0,0,0,0,0,0,0,0
Sawed-Off | Wasteland Princess,0,1,GLOVE,CLASSIFIED,0,0,0,0,0,0,0,0,0,0
P90 | Shallow Grave,0,1,GLOVE,CLASSIFIED,0,0,0,0,0,0,0,0,0,0
FAMAS | Mecha Industries,0,1,GLOVE,CLASSIFIED,0,0,0,0,0,0,0,0,0,0
M4A4 | Buzz Kill,0,1,GLOVE,COVERT,0,0,0,0,0,0,0,0,0,0
SSG 08 | Dragonfire,0,1,GLOVE,COVERT,0,0,0,0,0,0,0,0,0,0
PP-Bizon | Jungle Slipstream,0,1,SPECTRUM,MIL_SPEC,0,0,0,0,0,0,0,0,0,0
SCAR-20 | Blueprint,0,1,SPECTRUM,MIL_SPEC,0,0,0,0,0,0,0,0,0,0
Desert Eagle | Oxide Blaze,0,1,SPECTRUM,MIL_SPEC,0,0,0,0,0,0,0,0,0,0
Five-SeveN | Capillary,0,1,SPECTRUM,MIL_SPEC,0,0,0,0,0,0,0,0,0,0
MP7 | Akoben,0,1,SPECTRUM,MIL_SPEC,0,0,0,0,0,0,0,0,0,0
P250 | Ripple,0,1,SPECTRUM,MIL_SPEC,0,0,0,0,0,0,0,0,0,0
Sawed-Off | Zander,0,1,SPECTRUM,MIL_SPEC,0,0,0,0,0,0,0,0,0,0
Galil AR | Crimson Tsunami,0,1,SPECTRUM,RESTRICTED,0,0,0,0,0,0,0,0,0,0
M249 | Emerald Poison Dart,0,1,SPECTRUM,RESTRICTED,0,0,0,0,0,0,0,0,0,0
MAC-10 | Last Dive,0,1,SPECTRUM,RESTRICTED,0,0,0,0,0,0,0,0,0,0
UMP-45 | Scaffold,0,1,SPECTRUM,RESTRICTED,0,0,0,0,0,0,0,0,0,0
XM1014 | Seasons,0,1,SPECTRUM,RESTRICTED,0,0,0,0,0,0,0,0,0,0
AWP | Fever Dream,0,1,SPECTRUM,CLASSIFIED,0,0,0,0,0,0,0,0,0,0
CZ75-Auto | Xiangliu,0,1,SPECTRUM,CLASSIFIED,0,0,0,0,0,0,0,0,0,0
M4A1-S | Decimator,0,1,SPECTRUM,CLASSIFIED,0,0,0,0,0,0,0,0,0,0
AK-47 | Bloodsport,0,1,SPECTRUM,COVERT,0,0,0,0,0,0,0,0,0,0
USP-S | Neo-Noir,0,1,SPECTRUM,COVERT,0,0,0,0,0,0,0,0,0,0
USP-S | Blueprint,0,1,OPERATION_HYDRA,MIL_SPEC,0,0,0,0,0,0,0,0,0,0
FAMAS | Macabre,0,1,OPERATION_HYDRA,MIL_SPEC,0,0,0,0,0,0,0,0,0,0
M4A1-S | Briefing,0,1,OPERATION_HYDRA,MIL_SPEC,0,0,0,0,0,0,0,0,0,0
MAC-10 | Aloha,0,1,OPERATION_HYDRA,MIL_SPEC,0,0,0,0,0,0,0,0,0,0
MAG-7 | Hard Water,0,1,OPERATION_HYDRA,MIL_SPEC,0,0,0,0,0,0,0,0,0,0
Tec-9 | Cut Out,0,1,OPERATION_HYDRA,MIL_SPEC,0,0,0,0,0,0,0,0,0,0
UMP-45 | Metal Flowers,0,1,OPERATION_HYDRA,MIL_SPEC,0,0,0,0,0,0,0,0,0,0
AK-47 | Orbit Mk01,0,1,OPERATION_HYDRA,RESTRICTED,0,0,0,0,0,0,0,0,0,0
P2000 | Woodsman,0,1,OPERATION_HYDRA,RESTRICTED,0,0,0,0,0,0,0,0,0,0
P250 | Red Rock,0,1,OPERATION_HYDRA,RESTRICTED,0,0,0,0,0,0,0,0,0,0
P90 | Death Grip,0,1,OPERATION_HYDRA,RESTRICTED,0,0,0,0,0,0,0,0,0,0
SSG 08 | Death's Head,0,1,OPERATION_HYDRA,RESTRICTED,0,0,0,0,0,0,0,0,0,0
Dual Berettas | Cobra Strike,0,1,OPERATION_HYDRA,CLASSIFIED,0,0,0,0,0,0,0,0,0,0
Galil AR | Sugar Rush,0,1,OPERATION_HYDRA,CLASSIFIED,0,0,0,0,0,0,0,0,0,0
M4A4 | Hellfire,0,1,OPERATION_HYDRA,CLASSIFIED,0,0,0,0,0,0,0,0,0,0
Five-SeveN | Hyper Beast,0,1,OPERATION_HYDRA,COVERT,0,0,0,0,0,0,0,0,0,0
AWP | Oni Taiji,0,1,OPERATION_HYDRA,COVERT,0,0,0,0,0,0,0,0,0,0
MAC-10 | Oceanic,0,1,SPECTRUM_2,MIL_SPEC,0,0,0,0,0,0,0,0,0,0
Sawed-Off | Morris,0,1,SPECTRUM_2,MIL_SPEC,0,0,0,0,0,0,0,0,0,0
SCAR-20 | Jungle Slipstream,0,1,SPECTRUM_2,MIL_SPEC,0,0,0,0,0,0,0,0,0,0
Five-SeveN | Capillary,0,1,SPECTRUM_2,MIL_SPEC,0,0,0,0,0,0,0,0,0,0
AUG | Triqua,0,1,SPECTRUM_2,MIL_SPEC,0,0,0,0,0,0,0,0,0,0
G3SG1 | Hunter,0,1,SPECTRUM_2,MIL_SPEC,0,0,0,0,0,0,0,0,0,0
Tec-9 | Cracked Opal,0,1,SPECTRUM_2,MIL_SPEC,0,0,0,0,0,0,0,0,0,0
Glock-18 | Off World,0,1,SPECTRUM_2,MIL_SPEC,0,0,0,0,0,0,0,0,0,0
MP9 | Goo,0,1,SPECTRUM_2,RESTRICTED,0,0,0,0,0,0,0,0,0,0
SG 553 | Phantom,0,1,SPECTRUM_2,RESTRICTED,0,0,0,0,0,0,0,0,0,0
XM1014 | Ziggy,0,1,SPECTRUM_2,RESTRICTED,0,0,0,0,0,0,0,0,0,0
UMP-45 | Exposure,0,1,SPECTRUM_2,RESTRICTED,0,0,0,0,0,0,0,0,0,0
CZ75-Auto | Tacticat,0,1,SPECTRUM_2,RESTRICTED,0,0,0,0,0,0,0,0,0,0
PP-Bizon | High Roller,0,1,SPECTRUM_2,CLASSIFIED,0,0,0,0,0,0,0,0,0,0
R8 Revolver | Llama Cannon,0,1,SPECTRUM_2,CLASSIFIED,0,0,0,0,0,0,0,0,0,0
M4A1-S | Leaded Glass,0,1,SPECTRUM_2,CLASSIFIED,0,0,0,0,0,0,0,0,0,0
AK-47 | The Empress,0,1,SPECTRUM_2,COVERT,0,0,0,0,0,0,0,0,0,0
P250 | See Ya Later,0,1,SPECTRUM_2,COVERT,0,0,0,0,0,0,0,0,0,0
SG 553 | Aloha,0,1,CLUTCH,MIL_SPEC,0,0,0,0,0,0,0,0,0,0
MP9 | Black Sand,0,1,CLUTCH,MIL_SPEC,0,0,0,0,0,0,0,0,0,0
XM1014 | Oxide Blaze,0,1,CLUTCH,MIL_SPEC,0,0,0,0,0,0,0,0,0,0
P2000 | Urban Hazard,0,1,CLUTCH,MIL_SPEC,0,0,0,0,0,0,0,0,0,0
R8 Revolver | Grip,0,1,CLUTCH,MIL_SPEC,0,0,0,0,0,0,0,0,0,0
Five-SeveN | Flame Test,0,1,CLUTCH,MIL_SPEC,0,0,0,0,0,0,0,0,0,0
PP-Bizon | Night Riot,0,1,CLUTCH,MIL_SPEC,0,0,0,0,0,0,0,0,0,0
Nova | Wild Six,0,1,CLUTCH,RESTRICTED,0,0,0,0,0,0,0,0,0,0
Negev | Lionfish,0,1,CLUTCH,RESTRICTED,0,0,0,0,0,0,0,0,0,0
MAG-7 | SWAG-7,0,1,CLUTCH,RESTRICTED,0,0,0,0,0,0,0,0,0,0
UMP-45 | Arctic Wolf,0,1,CLUTCH,RESTRICTED,0,0,0,0,0,0,0,0,0,0
Glock-18 | Moonrise,0,1,CLUTCH,RESTRICTED,0,0,0,0,0,0,0,0,0,0
USP-S | Cortex,0,1,CLUTCH,CLASSIFIED,0,0,0,0,0,0,0,0,0,0
AUG | Stymphalian,0,1,CLUTCH,CLASSIFIED,0,0,0,0,0,0,0,0,0,0
AWP | Mortis,0,1,CLUTCH,CLASSIFIED,0,0,0,0,0,0,0,0,0,0
MP7 | Bloodsport,0,1,CLUTCH,COVERT,0,0,0,0,0,0,0,0,0,0
M4A4 | Neo-Noir,0,1,CLUTCH,COVERT,0,0,0,0,0,0,0,0,0,0
AK-47 | Neon Rider,0,1,HORIZON,COVERT,0,0,0,0,0,0,0,0,0,0
Desert | Eagle Code Red,0,1,HORIZON,COVERT,0,0,0,0,0,0,0,0,0,0
M4A1-S | Nightmare,0,1,HORIZON,CLASSIFIED,0,0,0,0,0,0,0,0,0,0
Sawed-Off | Devourer,0,1,HORIZON,CLASSIFIED,0,0,0,0,0,0,0,0,0,0
FAMAS | Eye of Athena,0,1,HORIZON,CLASSIFIED,0,0,0,0,0,0,0,0,0,0
AWP | PAW,0,1,HORIZON,RESTRICTED,0,0,0,0,0,0,0,0,0,0
CZ75-Auto | Eco,0,1,HORIZON,RESTRICTED,0,0,0,0,0,0,0,0,0,0
MP7 | Powercore,0,1,HORIZON,RESTRICTED,0,0,0,0,0,0,0,0,0,0
G3SG1 | High Seas,0,1,HORIZON,RESTRICTED,0,0,0,0,0,0,0,0,0,0
Nova | Toy Soldier,0,1,HORIZON,RESTRICTED,0,0,0,0,0,0,0,0,0,0
Glock-18 | Warhawk,0,1,HORIZON,MIL_SPEC,0,0,0,0,0,0,0,0,0,0
P90 | Traction,0,1,HORIZON,MIL_SPEC,0,0,0,0,0,0,0,0,0,0
Tec-9 | Snek-9,0,1,HORIZON,MIL_SPEC,0,0,0,0,0,0,0,0,0,0
AUG | Amber Slipstream,0,1,HORIZON,MIL_SPEC,0,0,0,0,0,0,0,0,0,0
MP9 | Capillary,0,1,HORIZON,MIL_SPEC,0,0,0,0,0,0,0,0,0,0
R8 Revolver | Survivalist,0,1,HORIZON,MIL_SPEC,0,0,0,0,0,0,0,0,0,0
Dual Berettas | Shred,0,1,HORIZON,MIL_SPEC,0,0,0,0,0,0,0,0,0,0
SG 553 | Integrale,0,1,INFERNO_2018,CLASSIFIED,0,0,0,0,0,0,0,0,0,0
Dual Berettas | Twin Turbo,0,1,INFERNO_2018,CLASSIFIED,0,0,0,0,0,0,0,0,0,0
AK-47 | Safety Net,0,1,INFERNO_2018,RESTRICTED,0,0,0,0,0,0,0,0,0,0
MP7 | Fade,0,1,INFERNO_2018,RESTRICTED,0,0,0,0,0,0,0,0,0,0
P250 | Vino Primo,0,1,INFERNO_2018,RESTRICTED,0,0,0,0,0,0,0,0,0,0
M4A4 | Converter,0,1,INFERNO_2018,MIL_SPEC,0,0,0,0,0,0,0,0,0,0
USP-S | Check Engine,0,1,INFERNO_2018,MIL_SPEC,0,0,0,0,0,0,0,0,0,0
SSG 08 | Hand Brake,0,1,INFERNO_2018,MIL_SPEC,0,0,0,0,0,0,0,0,0,0
Sawed-Off | Brake Light,0,1,INFERNO_2018,MIL_SPEC,0,0,0,0,0,0,0,0,0,0
Glock-18 | High Beam,0,1,INFERNO_2018,INDUSTRIAL,0,0,0,0,0,0,0,0,0,0
R8 Revolver | Nitro,0,1,INFERNO_2018,INDUSTRIAL,0,0,0,0,0,0,0,0,0,0
MAC-10 | Calf Skin,0,1,INFERNO_2018,INDUSTRIAL,0,0,0,0,0,0,0,0,0,0
PP-Bizon | Candy Apple,0,1,INFERNO_2018,INDUSTRIAL,0,0,0,0,0,0,0,0,0,0
MP5-SD Dirt Drop,0,1,INFERNO_2018,CONSUMER,0,0,0,0,0,0,0,0,0,0
MP9 | Slide,0,1,INFERNO_2018,CONSUMER,0,0,0,0,0,0,0,0,0,0
UMP-45 | Mudder,0,1,INFERNO_2018,CONSUMER,0,0,0,0,0,0,0,0,0,0
AUG | Sweeper,0,1,INFERNO_2018,CONSUMER,0,0,0,0,0,0,0,0,0,0
MAG-7 | Rust Coat,0,1,INFERNO_2018,CONSUMER,0,0,0,0,0,0,0,0,0,0
M4A1-S | Control Panel,0,1,NUKE_2018,CLASSIFIED,0,0,0,0,0,0,0,0,0,0
Tec-9 | Remote Control,0,1,NUKE_2018,CLASSIFIED,0,0,0,0,0,0,0,0,0,0
Glock-18 | Nuclear Garden,0,1,NUKE_2018,RESTRICTED,0,0,0,0,0,0,0,0,0,0
AUG | Random Access,0,1,NUKE_2018,RESTRICTED,0,0,0,0,0,0,0,0,0,0
MAG-7 | Core Breach,0,1,NUKE_2018,RESTRICTED,0,0,0,0,0,0,0,0,0,0
AWP | Acheron,0,1,NUKE_2018,MIL_SPEC,0,0,0,0,0,0,0,0,0,0
MP5-SD Co-Processor,0,1,NUKE_2018,MIL_SPEC,0,0,0,0,0,0,0,0,0,0
P90 | Facility Negative,0,1,NUKE_2018,MIL_SPEC,0,0,0,0,0,0,0,0,0,0
P250 | Exchanger,0,1,NUKE_2018,MIL_SPEC,0,0,0,0,0,0,0,0,0,0
M4A4 | Mainframe,0,1,NUKE_2018,INDUSTRIAL,0,0,0,0,0,0,0,0,0,0
Galil AR | Cold Fusion,0,1,NUKE_2018,INDUSTRIAL,0,0,0,0,0,0,0,0,0,0
Negev | Bulkhead,0,1,NUKE_2018,INDUSTRIAL,0,0,0,0,0,0,0,0,0,0
MP7 | Motherboard,0,1,NUKE_2018,INDUSTRIAL,0,0,0,0,0,0,0,0,0,0
P250 | Facility Draft,0,1,NUKE_2018,CONSUMER,0,0,0,0,0,0,0,0,0,0
Five-SeveN | Coolant,0,1,NUKE_2018,CONSUMER,0,0,0,0,0,0,0,0,0,0
UMP-45 | Facility Dark,0,1,NUKE_2018,CONSUMER,0,0,0,0,0,0,0,0,0,0
PP-Bizon | Facility Sketch,0,1,NUKE_2018,CONSUMER,0,0,0,0,0,0,0,0,0,0
Nova | Mandrel,0,1,NUKE_2018,CONSUMER,0,0,0,0,0,0,0,0,0,0
MP9 | Modest Threat,0,1,DANGER_ZONE,MIL_SPEC,0,0,0,0,0,0,0,0,0,0
Glock-18 | Oxide Blaze,0,1,DANGER_ZONE,MIL_SPEC,0,0,0,0,0,0,0,0,0,0
Nova | Wood Fired,0,1,DANGER_ZONE,MIL_SPEC,0,0,0,0,0,0,0,0,0,0
M4A4 | Magnesium,0,1,DANGER_ZONE,MIL_SPEC,0,0,0,0,0,0,0,0,0,0
Sawed-Off | Black Sand,0,1,DANGER_ZONE,MIL_SPEC,0,0,0,0,0,0,0,0,0,0
SG 553 | Danger Close,0,1,DANGER_ZONE,MIL_SPEC,0,0,0,0,0,0,0,0,0,0
Tec-9 | Fubar,0,1,DANGER_ZONE,MIL_SPEC,0,0,0,0,0,0,0,0,0,0
